id,conversation_id,created_at,date,time,timezone,user_id,username,name,place,tweet,language,mentions,urls,photos,replies_count,retweets_count,likes_count,hashtags,cashtags,link,retweet,quote_url,video,thumbnail,near,geo,source,user_rt_id,user_rt,retweet_id,reply_to,retweet_date,translate,trans_src,trans_dest
1404826288087605253,1404825927650009091,2021-06-15 09:41:02 MDT,2021-06-15,09:41:02,-0600,1354879374298918913,timmycoors,tim?,,Still don‚Äôt know what it means and I will not look it up.,en,[],[],[],0,0,1,[],[],https://twitter.com/timmycoors/status/1404826288087605253,False,,0,,,,,,,,[],,,,
1404825927650009091,1404825927650009091,2021-06-15 09:39:36 MDT,2021-06-15,09:39:36,-0600,1354879374298918913,timmycoors,tim?,,Heard someone use ‚Äúcheugy‚Äù in real life for the first time and spiraled into a more potent existential crisis than any amount of psychedelics ever could. Death comes for us all.,en,[],[],[],1,0,2,[],[],https://twitter.com/timmycoors/status/1404825927650009091,False,,0,,,,,,,,[],,,,
1404817057749819403,1404817057749819403,2021-06-15 09:04:21 MDT,2021-06-15,09:04:21,-0600,1354879374298918913,timmycoors,tim?,,Losing my mind how woody harrelson appears in the movie adaptation of a book that references the federal judge his dad murdered  https://t.co/kDn1H0Pu6F,en,[],[],"['https://pbs.twimg.com/media/E37pqlyX0Ak-C6m.jpg', 'https://pbs.twimg.com/media/E37pqlzWUAAmtra.jpg', 'https://pbs.twimg.com/media/E37pqlyWUA0K158.jpg', 'https://pbs.twimg.com/media/E37pqlyXMAMoJCH.jpg']",0,0,2,[],[],https://twitter.com/timmycoors/status/1404817057749819403,False,,1,https://pbs.twimg.com/media/E37pqlyX0Ak-C6m.jpg,,,,,,,[],,,,
1404633466944249860,1404633466944249860,2021-06-14 20:54:50 MDT,2021-06-14,20:54:50,-0600,1354879374298918913,timmycoors,tim?,,Sweat my fuckin tits off today but saw some cool stuff  https://t.co/0DLj6K708Q,en,[],[],"['https://pbs.twimg.com/media/E35CsK5XMAEPv6P.jpg', 'https://pbs.twimg.com/media/E35CsK2XoAUXbmF.jpg', 'https://pbs.twimg.com/media/E35CsPmXMAUrdhq.jpg', 'https://pbs.twimg.com/media/E35CsQsWUAEKU68.jpg']",0,0,4,[],[],https://twitter.com/timmycoors/status/1404633466944249860,False,,1,https://pbs.twimg.com/media/E35CsK5XMAEPv6P.jpg,,,,,,,[],,,,
1404622305125408771,1404496995880898568,2021-06-14 20:10:28 MDT,2021-06-14,20:10:28,-0600,1354879374298918913,timmycoors,tim?,,@bloodbankrobber Cant get an AC unit until wednesday. Tomorrow‚Äôs gonna be absolutely fucked.,en,[],[],[],0,0,1,[],[],https://twitter.com/timmycoors/status/1404622305125408771,False,,0,,,,,,,,"[{'screen_name': 'bloodbankrobber', 'name': 'leftbro baptist church', 'id': '114335452'}]",,,,
1402692848185643016,1402692848185643016,2021-06-09 12:23:30 MDT,2021-06-09,12:23:30,-0600,1354879374298918913,timmycoors,tim?,,My political ideology is I want to still be able to eat seafood in 20 years and not have my entire life ruined if I get appendicitis,en,[],[],[],0,1,4,[],[],https://twitter.com/timmycoors/status/1402692848185643016,False,,0,,,,,,,,[],,,,
1402259082279542786,1402245090458882051,2021-06-08 07:39:52 MDT,2021-06-08,07:39:52,-0600,1354879374298918913,timmycoors,tim?,,@ethnicohioan I‚Äôve been lured,en,[],[],[],0,0,1,[],[],https://twitter.com/timmycoors/status/1402259082279542786,False,,0,,,,,,,,"[{'screen_name': 'ethnicohioan', 'name': 'Marc ‚õ≥Ô∏èüëçüèé', 'id': '1239366375103238144'}]",,,,
1401932230256168960,1401775419003654144,2021-06-07 10:01:04 MDT,2021-06-07,10:01:04,-0600,1354879374298918913,timmycoors,tim?,,@timbutterly It would be pretty wild if they fought someone in their weight class that wasn‚Äôt a decade older than them. They‚Äôre about to dig up Jake LaMotta.,en,[],[],[],0,0,0,[],[],https://twitter.com/timmycoors/status/1401932230256168960,False,,0,,,,,,,,"[{'screen_name': 'timbutterly', 'name': 'Tim Butterlyüî™', 'id': '15757644'}]",,,,
1401574503298260992,1401574503298260992,2021-06-06 10:19:36 MDT,2021-06-06,10:19:36,-0600,1354879374298918913,timmycoors,tim?,,Went outside this weekend  https://t.co/jJJnoIdFcu,en,[],[],"['https://pbs.twimg.com/media/E3NklHiXIAU6RKj.jpg', 'https://pbs.twimg.com/media/E3NklHhWQAEb2ey.jpg']",0,1,6,[],[],https://twitter.com/timmycoors/status/1401574503298260992,False,,1,https://pbs.twimg.com/media/E3NklHiXIAU6RKj.jpg,,,,,,,[],,,,
1401573017323544581,1401568796708585475,2021-06-06 10:13:41 MDT,2021-06-06,10:13:41,-0600,1354879374298918913,timmycoors,tim?,,@bloodbankrobber Between lifting the ban and reintroducing wolves I‚Äôm thrilled with the slightly increased chance of being ripped apart by dogs,en,[],[],[],1,0,0,[],[],https://twitter.com/timmycoors/status/1401573017323544581,False,,0,,,,,,,,"[{'screen_name': 'bloodbankrobber', 'name': 'leftbro baptist church', 'id': '114335452'}]",,,,
1400485472405798913,1400476855464083468,2021-06-03 10:12:11 MDT,2021-06-03,10:12:11,-0600,1354879374298918913,timmycoors,tim?,,@MannFacts He looks great,en,[],[],[],0,0,2,[],[],https://twitter.com/timmycoors/status/1400485472405798913,False,,0,,,,,,,,"[{'screen_name': 'MannFacts', 'name': 'Michael Mann Facts', 'id': '1361423360891224066'}]",,,,
1399591704764850176,1399551410245718018,2021-05-31 23:00:40 MDT,2021-05-31,23:00:40,-0600,1354879374298918913,timmycoors,tim?,,@Jinjirow I have never seen a tweet that begins with ‚Äúfriendly reminder‚Äù approach anything resembling friendly,en,[],[],[],1,0,1,[],[],https://twitter.com/timmycoors/status/1399591704764850176,False,,0,,,,,,,,"[{'screen_name': 'Jinjirow', 'name': 'John', 'id': '3307400114'}]",,,,
1399203531257745409,1399038455842279427,2021-05-30 21:18:12 MDT,2021-05-30,21:18:12,-0600,1354879374298918913,timmycoors,tim?,,@Kat_Woah_Man People that like WDYM will sincerely be like ‚Äúyooooo remember The Office hahahahaha‚Äù and think they‚Äôre the funniest person they know,en,[],[],[],1,0,0,[],[],https://twitter.com/timmycoors/status/1399203531257745409,False,,0,,,,,,,,"[{'screen_name': 'Kat_Woah_Man', 'name': 'drake and josh official fan club', 'id': '1388569070'}]",,,,
1399038455842279427,1399038455842279427,2021-05-30 10:22:15 MDT,2021-05-30,10:22:15,-0600,1354879374298918913,timmycoors,tim?,,If you try to bring What Do You Meme into my house - it‚Äôs on sight,en,[],[],[],1,0,4,[],[],https://twitter.com/timmycoors/status/1399038455842279427,False,,0,,,,,,,,[],,,,
1398363270441062407,1398363270441062407,2021-05-28 13:39:18 MDT,2021-05-28,13:39:18,-0600,1354879374298918913,timmycoors,tim?,,Brutal @salamigoblin  https://t.co/ydHvp0POSk,no,"[{'screen_name': 'salamigoblin', 'name': 'd', 'id': '103171595'}]",[],['https://pbs.twimg.com/media/E2f7-2ZWUAEUPMb.jpg'],1,0,3,[],[],https://twitter.com/timmycoors/status/1398363270441062407,False,,1,https://pbs.twimg.com/media/E2f7-2ZWUAEUPMb.jpg,,,,,,,[],,,,
1398362352710524928,1398362352710524928,2021-05-28 13:35:39 MDT,2021-05-28,13:35:39,-0600,1354879374298918913,timmycoors,tim?,,Rejecting the red pill or black pill and getting unclepilled instead. Just drinking miller high life‚Äôs and waking up my sisters baby and letting her deal with it. Might get really into mushrooms and follow phish on tour or some shit to really lock it in,en,[],[],[],0,0,7,[],[],https://twitter.com/timmycoors/status/1398362352710524928,False,,0,,,,,,,,[],,,,
1398108805733433344,1398095956575404032,2021-05-27 20:48:09 MDT,2021-05-27,20:48:09,-0600,1354879374298918913,timmycoors,tim?,,@len0killer  https://t.co/u04iv8BP9q,und,[],[],['https://pbs.twimg.com/media/E2cUjB_XoAI_Lm3.jpg'],0,0,1,[],[],https://twitter.com/timmycoors/status/1398108805733433344,False,,1,https://pbs.twimg.com/media/E2cUjB_XoAI_Lm3.jpg,,,,,,,[],,,,
1397991163823595524,1397775501796675586,2021-05-27 13:00:41 MDT,2021-05-27,13:00:41,-0600,1354879374298918913,timmycoors,tim?,,@borrachacansada That‚Äôs definitely a linecook with flour on his shoes but there‚Äôs a 70% chance he was also doing coke when you took this photo,en,[],[],[],1,0,26,[],[],https://twitter.com/timmycoors/status/1397991163823595524,False,,0,,,,,,,,"[{'screen_name': 'borrachacansada', 'name': 'charred skeever hide', 'id': '25782659'}]",,,,
1396928764550942721,1396922633225003011,2021-05-24 14:39:05 MDT,2021-05-24,14:39:05,-0600,1354879374298918913,timmycoors,tim?,,@emily444444444 Best stinky friend,en,[],[],[],0,0,2,[],[],https://twitter.com/timmycoors/status/1396928764550942721,False,,0,,,,,,,,"[{'screen_name': 'emily444444444', 'name': 'üì≤', 'id': '22228827'}]",,,,
1396927297039441923,1396922633225003011,2021-05-24 14:33:15 MDT,2021-05-24,14:33:15,-0600,1354879374298918913,timmycoors,tim?,,@emily444444444 What is bsf,en,[],[],[],1,0,1,[],[],https://twitter.com/timmycoors/status/1396927297039441923,False,,0,,,,,,,,"[{'screen_name': 'emily444444444', 'name': 'üì≤', 'id': '22228827'}]",,,,
1395033073104953347,1395031753312587780,2021-05-19 09:06:17 MDT,2021-05-19,09:06:17,-0600,1354879374298918913,timmycoors,tim?,,@ZeroSuitCamus Picnic blanket of a flag. Just awful.,en,[],[],[],0,0,0,[],[],https://twitter.com/timmycoors/status/1395033073104953347,False,,0,,,,,,,,"[{'screen_name': 'ZeroSuitCamus', 'name': 'Claire Penis', 'id': '815632077706186752'}]",,,,
1394735756665577476,1394735756665577476,2021-05-18 13:24:51 MDT,2021-05-18,13:24:51,-0600,1354879374298918913,timmycoors,tim?,,[Forcing my girlfriend to watch Taxi Driver with me at gunpoint] this part is actually fascinating because it‚Äôs up to the audience to decide if it really happened or if we are viewing the story through th,en,[],[],[],1,0,4,[],[],https://twitter.com/timmycoors/status/1394735756665577476,False,,0,,,,,,,,[],,,,
1394333399322697729,1394333399322697729,2021-05-17 10:46:02 MDT,2021-05-17,10:46:02,-0600,1354879374298918913,timmycoors,tim?,, https://t.co/rW9puvo8Qa,und,[],[],"['https://pbs.twimg.com/media/E1mqzFmXsAAWIst.jpg', 'https://pbs.twimg.com/media/E1mqzH2XsAkMK0K.jpg', 'https://pbs.twimg.com/media/E1mqzH0XIAUXxk8.jpg', 'https://pbs.twimg.com/media/E1mqzH1X0AMb66N.jpg']",0,0,15,[],[],https://twitter.com/timmycoors/status/1394333399322697729,False,,1,https://pbs.twimg.com/media/E1mqzFmXsAAWIst.jpg,,,,,,,[],,,,
1393951211691421697,1393284739004571650,2021-05-16 09:27:21 MDT,2021-05-16,09:27:21,-0600,1354879374298918913,timmycoors,tim?,,@Christhevamp Both parents and my childhood friend‚Äôs home landline,en,[],[],[],0,0,1,[],[],https://twitter.com/timmycoors/status/1393951211691421697,False,,0,,,,,,,,"[{'screen_name': 'Christhevamp', 'name': 'Chris the Vamp', 'id': '3033852533'}]",,,,
1393798390157254656,1393618429043777538,2021-05-15 23:20:06 MDT,2021-05-15,23:20:06,-0600,1354879374298918913,timmycoors,tim?,,@tasteinfilm_bad Barry Lyndon sat on my shelf for months because I was intimidated by a 3 hour period piece but it turns out it‚Äôs just about a dude that hustles his way to the top and becomes an shitty stepdad. Very accessible.,en,[],[],[],0,0,1,[],[],https://twitter.com/timmycoors/status/1393798390157254656,False,,0,,,,,,,,"[{'screen_name': 'tasteinfilm_bad', 'name': ""We Need To Talk About Kevin's Taste In Film"", 'id': '1313520269303087104'}]",,,,
1393714067651575810,1393586902457098243,2021-05-15 17:45:02 MDT,2021-05-15,17:45:02,-0600,1354879374298918913,timmycoors,tim?,,@s4m31p4n Ciao  https://t.co/T4UKnwfUuS,it,[],[],['https://pbs.twimg.com/media/E1d3jA5WQAUzlxR.jpg'],0,0,0,[],[],https://twitter.com/timmycoors/status/1393714067651575810,False,,1,https://pbs.twimg.com/media/E1d3jA5WQAUzlxR.jpg,,,,,,,"[{'screen_name': 's4m31p4n', 'name': 'ppigg', 'id': '1350353828223332352'}]",,,,
1393301594733678603,1393301594733678603,2021-05-14 14:26:01 MDT,2021-05-14,14:26:01,-0600,1354879374298918913,timmycoors,tim?,,My nephews gonna be alright  https://t.co/Q8jI8OqhW0,en,[],[],[],0,0,6,[],[],https://twitter.com/timmycoors/status/1393301594733678603,False,,1,https://pbs.twimg.com/ext_tw_video_thumb/1393301570096357387/pu/img/F_ROOev_Dt61nsiz.jpg,,,,,,,[],,,,
1393239142331555849,1392811638915543046,2021-05-14 10:17:51 MDT,2021-05-14,10:17:51,-0600,1354879374298918913,timmycoors,tim?,,@AlexRPTaylor  https://t.co/ajF6tBAyqA,und,[],[],"['https://pbs.twimg.com/media/E1XHnVPWYAQufB_.jpg', 'https://pbs.twimg.com/media/E1XHnVNXEAQYmnh.jpg']",0,0,0,[],[],https://twitter.com/timmycoors/status/1393239142331555849,False,,1,https://pbs.twimg.com/media/E1XHnVPWYAQufB_.jpg,,,,,,,[],,,,
1393060738118426626,1393051543428124672,2021-05-13 22:28:56 MDT,2021-05-13,22:28:56,-0600,1354879374298918913,timmycoors,tim?,,@nichael_v Raise shitheads,en,[],[],[],0,0,3,[],[],https://twitter.com/timmycoors/status/1393060738118426626,False,,0,,,,,,,,"[{'screen_name': 'nichael_v', 'name': 'Michael', 'id': '2767237849'}]",,,,
1393051543428124672,1393051543428124672,2021-05-13 21:52:24 MDT,2021-05-13,21:52:24,-0600,1354879374298918913,timmycoors,tim?,,Forgot about this lol  https://t.co/cIW1IFgSrt,en,[],[],['https://pbs.twimg.com/media/E1Uc_ttXIAAhXSJ.jpg'],3,0,10,[],[],https://twitter.com/timmycoors/status/1393051543428124672,False,,1,https://pbs.twimg.com/media/E1Uc_ttXIAAhXSJ.jpg,,,,,,,[],,,,
1393019870586056705,1393007760627937281,2021-05-13 19:46:32 MDT,2021-05-13,19:46:32,-0600,1354879374298918913,timmycoors,tim?,,@nickusen  https://t.co/1pODBKwoVu,und,[],[],['https://pbs.twimg.com/media/E1UAMCnXIAMlzQ4.jpg'],0,0,14,[],[],https://twitter.com/timmycoors/status/1393019870586056705,False,,1,https://pbs.twimg.com/media/E1UAMCnXIAMlzQ4.jpg,,,,,,,[],,,,
1392288581859876864,1392173888612839427,2021-05-11 19:20:40 MDT,2021-05-11,19:20:40,-0600,1354879374298918913,timmycoors,tim?,,@rzldzl420 This is bullshit. What the fuck? You can‚Äôt do this.,en,[],[],[],0,0,0,[],[],https://twitter.com/timmycoors/status/1392288581859876864,False,,0,,,,,,,,"[{'screen_name': 'rzldzl420', 'name': 'ùöèùöéùöñùöãùöòùöù', 'id': '76297486'}]",,,,
1392272320476192772,1392247469178769411,2021-05-11 18:16:03 MDT,2021-05-11,18:16:03,-0600,1354879374298918913,timmycoors,tim?,,@greatgabbert Whichever answer is less embarrassing,en,[],[],[],0,0,1,[],[],https://twitter.com/timmycoors/status/1392272320476192772,False,,0,,,,,,,,"[{'screen_name': 'greatgabbert', 'name': 'gab', 'id': '1195298450'}]",,,,
1392271492029747201,1392247469178769411,2021-05-11 18:12:45 MDT,2021-05-11,18:12:45,-0600,1354879374298918913,timmycoors,tim?,,@greatgabbert POV: you‚Äôre a clump of cat hair under my desk  https://t.co/tXrMicVbLk,en,[],[],['https://pbs.twimg.com/media/E1JXibYWUAM6Whr.jpg'],1,1,2,[],[],https://twitter.com/timmycoors/status/1392271492029747201,False,,1,https://pbs.twimg.com/media/E1JXibYWUAM6Whr.jpg,,,,,,,"[{'screen_name': 'greatgabbert', 'name': 'gab', 'id': '1195298450'}]",,,,
1392258699708846084,1392146585312808963,2021-05-11 17:21:55 MDT,2021-05-11,17:21:55,-0600,1354879374298918913,timmycoors,tim?,,@therealrealboy @mikerecine There‚Äôs a lot movies I like and they all cost money. Would be weirder if I only had the second one.,en,[],[],[],0,0,1,[],[],https://twitter.com/timmycoors/status/1392258699708846084,False,,0,,,,,,,,"[{'screen_name': 'therealrealboy', 'name': 'Cut the Tall Trads', 'id': '1140820814104801280'}, {'screen_name': 'mikerecine', 'name': 'Mike Recine', 'id': '197722193'}]",,,,
1392248420505722880,1392248420505722880,2021-05-11 16:41:04 MDT,2021-05-11,16:41:04,-0600,1354879374298918913,timmycoors,tim?,,Remembered I parked in a loading zone to bring up the groceries and immediately heard a ringing in my ears,en,[],[],[],0,0,2,[],[],https://twitter.com/timmycoors/status/1392248420505722880,False,,0,,,,,,,,[],,,,
1392247469178769411,1392247469178769411,2021-05-11 16:37:18 MDT,2021-05-11,16:37:18,-0600,1354879374298918913,timmycoors,tim?,,Realizing I‚Äôm a snobby bitch because I got a new vacuum and exclusively refer to it as ‚Äúthe dyson‚Äù,en,[],[],[],2,1,7,[],[],https://twitter.com/timmycoors/status/1392247469178769411,False,,0,,,,,,,,[],,,,
1392181161154293761,1392146585312808963,2021-05-11 12:13:48 MDT,2021-05-11,12:13:48,-0600,1354879374298918913,timmycoors,tim?,,@pacebeats @mikerecine Imagine my shock when she told me to turn it the fuck off,en,[],[],[],0,0,3,[],[],https://twitter.com/timmycoors/status/1392181161154293761,False,,0,,,,,,,,"[{'screen_name': 'pacebeats', 'name': 'pace', 'id': '35086875'}, {'screen_name': 'mikerecine', 'name': 'Mike Recine', 'id': '197722193'}]",,,,
1392158724358352896,1392146585312808963,2021-05-11 10:44:39 MDT,2021-05-11,10:44:39,-0600,1354879374298918913,timmycoors,tim?,,@mikerecine My shelf of gf movies  https://t.co/KQUmhZXDnH,en,[],[],['https://pbs.twimg.com/media/E1Hw-S0XoAIVwSb.jpg'],5,0,77,[],[],https://twitter.com/timmycoors/status/1392158724358352896,False,,1,https://pbs.twimg.com/media/E1Hw-S0XoAIVwSb.jpg,,,,,,,"[{'screen_name': 'mikerecine', 'name': 'Mike Recine', 'id': '197722193'}]",,,,
1391768482291793921,1391417630410543106,2021-05-10 08:53:58 MDT,2021-05-10,08:53:58,-0600,1354879374298918913,timmycoors,tim?,,@Devon_OnEarth This is in Jackson WY and there‚Äôs three more of those arches. Really neat park right in the middle of town.,en,[],[],[],0,0,0,[],[],https://twitter.com/timmycoors/status/1391768482291793921,False,,0,,,,,,,,"[{'screen_name': 'Devon_OnEarth', 'name': 'ùêÉùêÑùêïùêéùêç', 'id': '1000110254078640128'}]",,,,
1391581653353500675,1391581653353500675,2021-05-09 20:31:35 MDT,2021-05-09,20:31:35,-0600,1354879374298918913,timmycoors,tim?,, https://t.co/EZZl7aGKoP,und,[],[],"['https://pbs.twimg.com/media/E0_kIzwWQAEQCfj.jpg', 'https://pbs.twimg.com/media/E0_kIzuXMAcAO3i.jpg']",0,0,7,[],[],https://twitter.com/timmycoors/status/1391581653353500675,False,,1,https://pbs.twimg.com/media/E0_kIzwWQAEQCfj.jpg,,,,,,,[],,,,
1391069625367019527,1391066835005681665,2021-05-08 10:36:58 MDT,2021-05-08,10:36:58,-0600,1354879374298918913,timmycoors,tim?,,@jessehawken Throw in some key lime and you got the holy trinity,en,[],[],[],0,0,1,[],[],https://twitter.com/timmycoors/status/1391069625367019527,False,,0,,,,,,,,"[{'screen_name': 'jessehawken', 'name': 'Jesse Hawken', 'id': '122231268'}]",,,,
1391068116222894083,1391049110287958023,2021-05-08 10:30:58 MDT,2021-05-08,10:30:58,-0600,1354879374298918913,timmycoors,tim?,,@jakebrodes Is it a vista equity company? They own like every other company where I‚Äôm at and they require that shit for any job opening.,en,[],[],[],0,0,2,[],[],https://twitter.com/timmycoors/status/1391068116222894083,False,,0,,,,,,,,"[{'screen_name': 'jakebrodes', 'name': 'joe joegan', 'id': '363986848'}]",,,,
1390515812377706497,1390514997923618820,2021-05-06 21:56:18 MDT,2021-05-06,21:56:18,-0600,1354879374298918913,timmycoors,tim?,,"@jakebrodes Welcome to the club, brother",en,[],[],[],0,0,1,[],[],https://twitter.com/timmycoors/status/1390515812377706497,False,,0,,,,,,,,"[{'screen_name': 'jakebrodes', 'name': 'joe joegan', 'id': '363986848'}]",,,,
1390310079539339267,1390309484069892099,2021-05-06 08:18:48 MDT,2021-05-06,08:18:48,-0600,1354879374298918913,timmycoors,tim?,,@SilasAGuy @notnotnuanced Isn‚Äôt the alternative‚Ä¶a crime?,en,[],[],[],0,0,6,[],[],https://twitter.com/timmycoors/status/1390310079539339267,False,,0,,,,,,,,"[{'screen_name': 'notnotnuanced', 'name': 'not the guy', 'id': '1377407083465822209'}]",,,,
1390151776532410368,1390065628627849218,2021-05-05 21:49:45 MDT,2021-05-05,21:49:45,-0600,1354879374298918913,timmycoors,tim?,,@este_guey @CokeEnjoyer Solid gold baby,en,[],[],[],0,0,1,[],[],https://twitter.com/timmycoors/status/1390151776532410368,False,,0,,,,,,,,"[{'screen_name': 'este_guey', 'name': 'Brocktoon_Compliant!', 'id': '104492311'}, {'screen_name': 'CokeEnjoyer', 'name': 'üá≤üá∞ Dunking on sober anniversary announcements', 'id': '1232821149702246400'}]",,,,
1390084099306557451,1390038638294151169,2021-05-05 17:20:50 MDT,2021-05-05,17:20:50,-0600,1354879374298918913,timmycoors,tim?,,@NetShithead *dana thinking about why she has an ugly boyfriend* it‚Äôs probably because I‚Äôm a hot girl,en,[],[],[],0,0,28,[],[],https://twitter.com/timmycoors/status/1390084099306557451,False,,0,,,,,,,,"[{'screen_name': 'NetShithead', 'name': 'sweet macaque', 'id': '1195881820094640128'}]",,,,
1389679117109452800,1389679117109452800,2021-05-04 14:31:35 MDT,2021-05-04,14:31:35,-0600,1354879374298918913,timmycoors,tim?,,"My dad sent me a WSJ article on the job market right now and it suggested to use the connections you make at Harvard to get a job, and the person they used as an example was still unemployed. Helpful stuff",en,[],[],[],1,0,10,[],[],https://twitter.com/timmycoors/status/1389679117109452800,False,,0,,,,,,,,[],,,,
1389455587335933957,1389348829594537984,2021-05-03 23:43:21 MDT,2021-05-03,23:43:21,-0600,1354879374298918913,timmycoors,tim?,,@deathcab4loko @catholicdad420 It is.,en,[],[],[],1,0,0,[],[],https://twitter.com/timmycoors/status/1389455587335933957,False,,0,,,,,,,,"[{'screen_name': 'deathcab4loko', 'name': 'look into it, man', 'id': '1087607771774763008'}, {'screen_name': 'catholicdad420', 'name': 'rob üá©üá¥', 'id': '1046459282059931650'}]",,,,
1389451906276265985,1389449938057121796,2021-05-03 23:28:43 MDT,2021-05-03,23:28:43,-0600,1354879374298918913,timmycoors,tim?,,"@metalgearobama His dedication to practical effects make his movies look drastically better than most cgi schlock that gets released these days. I‚Äôm not going to pretend that Tenet was good, but it was fun to look at.",en,[],[],[],2,0,5,[],[],https://twitter.com/timmycoors/status/1389451906276265985,False,,0,,,,,,,,"[{'screen_name': 'metalgearobama', 'name': 'Kafka, Esq.', 'id': '862692512523145217'}]",,,,
1389448167339528195,1389348829594537984,2021-05-03 23:13:52 MDT,2021-05-03,23:13:52,-0600,1354879374298918913,timmycoors,tim?,,"@deathcab4loko @catholicdad420 It is easilly the worst movie I‚Äôve seen this year, and I just watched the new Mortal Kombat.",en,[],[],[],1,0,0,[],[],https://twitter.com/timmycoors/status/1389448167339528195,False,,0,,,,,,,,"[{'screen_name': 'deathcab4loko', 'name': 'look into it, man', 'id': '1087607771774763008'}, {'screen_name': 'catholicdad420', 'name': 'rob üá©üá¥', 'id': '1046459282059931650'}]",,,,
1388990878736334850,1388952211988828162,2021-05-02 16:56:46 MDT,2021-05-02,16:56:46,-0600,1354879374298918913,timmycoors,tim?,,@FinessaFudges  https://t.co/v2YDbmW23v,und,[],[],['https://pbs.twimg.com/media/E0av0kqWQAEB6gs.jpg'],0,6,53,[],[],https://twitter.com/timmycoors/status/1388990878736334850,False,,1,https://pbs.twimg.com/media/E0av0kqWQAEB6gs.jpg,,,,,,,[],,,,
1388876528201740293,1388859059214880771,2021-05-02 09:22:23 MDT,2021-05-02,09:22:23,-0600,1354879374298918913,timmycoors,tim?,,@bloodbankrobber Thought that was gabbie hanna for a moment,en,[],[],[],0,0,1,[],[],https://twitter.com/timmycoors/status/1388876528201740293,False,,0,,,,,,,,"[{'screen_name': 'bloodbankrobber', 'name': 'leftbro baptist church', 'id': '114335452'}]",,,,
1388267408402567168,1388251623990902784,2021-04-30 17:01:57 MDT,2021-04-30,17:01:57,-0600,1354879374298918913,timmycoors,tim?,,When you‚Äôre singer/songwriter Rob Thomas and Carlos Santana asks you to collaborate on a track that will transcend time immemorial  https://t.co/giPJq4Tuy2,en,[],[],['https://pbs.twimg.com/media/E0Qd2aVXIAoZJEb.jpg'],0,0,2,[],[],https://twitter.com/timmycoors/status/1388267408402567168,False,,1,https://pbs.twimg.com/media/E0Qd2aVXIAoZJEb.jpg,,,,,,,[],,,,
1388251623990902784,1388251623990902784,2021-04-30 15:59:14 MDT,2021-04-30,15:59:14,-0600,1354879374298918913,timmycoors,tim?,,Cant complain  https://t.co/J1SBxaZRUk,en,[],[],"['https://pbs.twimg.com/media/E0QPfh6XEAM8xAH.jpg', 'https://pbs.twimg.com/media/E0QPfh_XEAYXKuR.jpg']",1,1,9,[],[],https://twitter.com/timmycoors/status/1388251623990902784,False,,1,https://pbs.twimg.com/media/E0QPfh6XEAM8xAH.jpg,,,,,,,[],,,,
1387572999457488896,1387564377298120715,2021-04-28 19:02:37 MDT,2021-04-28,19:02:37,-0600,1354879374298918913,timmycoors,tim?,,@paynus3 This is the dvd equivalent of putting your dogs medicine in a glob of peanut butter,en,[],[],[],3,15,1108,[],[],https://twitter.com/timmycoors/status/1387572999457488896,False,,0,,,,,,,,"[{'screen_name': 'paynus3', 'name': 'üë∫', 'id': '866035632220520449'}]",,,,
1387570938976296965,1387570359843663880,2021-04-28 18:54:26 MDT,2021-04-28,18:54:26,-0600,1354879374298918913,timmycoors,tim?,,@Kat_Woah_Man Let‚Äôs look back on your greatest hits like: calling me gay and literally nothing else,en,[],[],[],1,0,1,[],[],https://twitter.com/timmycoors/status/1387570938976296965,False,,0,,,,,,,,"[{'screen_name': 'Kat_Woah_Man', 'name': 'drake and josh official fan club', 'id': '1388569070'}]",,,,
1387562908368973829,1387491290544328705,2021-04-28 18:22:31 MDT,2021-04-28,18:22:31,-0600,1354879374298918913,timmycoors,tim?,,@gaysex420 The reuben is my litmus test when I go to a new restaurant.,en,[],[],[],0,0,1,[],[],https://twitter.com/timmycoors/status/1387562908368973829,False,,0,,,,,,,,"[{'screen_name': 'gaysex420', 'name': 'haroId', 'id': '1204655098334498817'}]",,,,
1387534258504404998,1387429770611281923,2021-04-28 16:28:41 MDT,2021-04-28,16:28:41,-0600,1354879374298918913,timmycoors,tim?,,"@minervas_muse @_safety_steve_ @punishedpants If I remember correctly, in CA at least, you can buy cigarettes at 18 if you‚Äôre in the military.",en,[],[],[],0,0,0,[],[],https://twitter.com/timmycoors/status/1387534258504404998,False,,0,,,,,,,,"[{'screen_name': 'minervas_muse', 'name': 'Minervas Muse', 'id': '755164152151154688'}, {'screen_name': '_safety_steve_', 'name': 'st | blm', 'id': '2295373663'}, {'screen_name': 'punishedpants', 'name': 'hottiepants', 'id': '1371668173834088450'}]",,,,
1387510377446100993,1387508527074353154,2021-04-28 14:53:47 MDT,2021-04-28,14:53:47,-0600,1354879374298918913,timmycoors,tim?,,"@jessehawken As a non-Canadian that was in high school when the Rob Ford stories broke, he was just a funny spectacle to me. Was he that much worse than a typical mayor?",en,[],[],[],1,0,0,[],[],https://twitter.com/timmycoors/status/1387510377446100993,False,,0,,,,,,,,"[{'screen_name': 'jessehawken', 'name': 'Jesse Hawken', 'id': '122231268'}]",,,,
1387502263560724485,1387500197413105672,2021-04-28 14:21:32 MDT,2021-04-28,14:21:32,-0600,1354879374298918913,timmycoors,tim?,, https://t.co/i7B34faA67,und,[],[],['https://pbs.twimg.com/media/E0Fl9BeXMAIR853.jpg'],0,0,3,[],[],https://twitter.com/timmycoors/status/1387502263560724485,False,,1,https://pbs.twimg.com/media/E0Fl9BeXMAIR853.jpg,,,,,,,[],,,,
1387500608056344577,1387500197413105672,2021-04-28 14:14:58 MDT,2021-04-28,14:14:58,-0600,1354879374298918913,timmycoors,tim?,,Also what is a good new format that emulates this? I feel like a boomer using a template this old.,en,[],[],[],1,0,1,[],[],https://twitter.com/timmycoors/status/1387500608056344577,False,,0,,,,,,,,[],,,,
1387500197413105672,1387500197413105672,2021-04-28 14:13:20 MDT,2021-04-28,14:13:20,-0600,1354879374298918913,timmycoors,tim?,, https://t.co/zCzNC93TSV,und,[],[],['https://pbs.twimg.com/media/E0FkExnXsAI3iNO.jpg'],1,0,6,[],[],https://twitter.com/timmycoors/status/1387500197413105672,False,,1,https://pbs.twimg.com/media/E0FkExnXsAI3iNO.jpg,,,,,,,[],,,,
1387431721675669505,1387429770611281923,2021-04-28 09:41:14 MDT,2021-04-28,09:41:14,-0600,1354879374298918913,timmycoors,tim?,,@punishedpants Oh neat. That fucking sucks.,en,[],[],[],1,0,16,[],[],https://twitter.com/timmycoors/status/1387431721675669505,False,,0,,,,,,,,"[{'screen_name': 'punishedpants', 'name': 'hottiepants', 'id': '1371668173834088450'}]",,,,
1387430735942934536,1387429770611281923,2021-04-28 09:37:19 MDT,2021-04-28,09:37:19,-0600,1354879374298918913,timmycoors,tim?,,@punishedpants I don‚Äôt even smoke anymore but if I went to a gas station rn there wouldn‚Äôt be camel crushes or newports?,en,[],[],[],5,0,9,[],[],https://twitter.com/timmycoors/status/1387430735942934536,False,,0,,,,,,,,"[{'screen_name': 'punishedpants', 'name': 'hottiepants', 'id': '1371668173834088450'}]",,,,
1387422744829169666,1387422744829169666,2021-04-28 09:05:34 MDT,2021-04-28,09:05:34,-0600,1354879374298918913,timmycoors,tim?,,"I don‚Äôt have an extensive summer bucket list but taking a shit ton of mushrooms and catching little critters (lizards, snakes, cool bugs) is on there",en,[],[],[],0,0,11,[],[],https://twitter.com/timmycoors/status/1387422744829169666,False,,0,,,,,,,,[],,,,
1387420707848654860,1387409069074358281,2021-04-28 08:57:28 MDT,2021-04-28,08:57:28,-0600,1354879374298918913,timmycoors,tim?,,@CokeEnjoyer @richard_normal There are like three separate sex scenes all set to soundgarden or audioslave.,en,[],[],[],0,0,1,[],[],https://twitter.com/timmycoors/status/1387420707848654860,False,,0,,,,,,,,"[{'screen_name': 'CokeEnjoyer', 'name': 'üá≤üá∞ Dunking on sober anniversary announcements', 'id': '1232821149702246400'}, {'screen_name': 'richard_normal', 'name': 'richard', 'id': '325715180'}]",,,,
1387113766920327171,1386928789066768386,2021-04-27 12:37:48 MDT,2021-04-27,12:37:48,-0600,1354879374298918913,timmycoors,tim?,,@VottoPlantEmoji Is this merrick?,en,[],[],[],0,0,2,[],[],https://twitter.com/timmycoors/status/1387113766920327171,False,,0,,,,,,,,"[{'screen_name': 'VottoPlantEmoji', 'name': 'Votto ü¶ú', 'id': '969309576'}]",,,,
1385715906853187587,1385706894220795912,2021-04-23 16:03:12 MDT,2021-04-23,16:03:12,-0600,1354879374298918913,timmycoors,tim?,,"@tidalmotion @chekhov100 @tinderpredator Yes this is the point, not because it‚Äôs something fun you can do with your friends.",en,[],[],[],0,0,2,[],[],https://twitter.com/timmycoors/status/1385715906853187587,False,,0,,,,,,,,"[{'screen_name': 'tidalmotion', 'name': 'Another World Is Possible', 'id': '1338213396269789185'}, {'screen_name': 'chekhov100', 'name': 'aislinn', 'id': '262353494'}, {'screen_name': 'tinderpredator', 'name': 'coochie', 'id': '1387607590352265218'}]",,,,
1385227904032837635,1385227904032837635,2021-04-22 07:44:03 MDT,2021-04-22,07:44:03,-0600,1354879374298918913,timmycoors,tim?,,Morning routine  https://t.co/b7UcHHbgaY,en,[],[],['https://pbs.twimg.com/media/EzlRb5uXsAYBQx-.jpg'],0,0,9,[],[],https://twitter.com/timmycoors/status/1385227904032837635,False,,1,https://pbs.twimg.com/media/EzlRb5uXsAYBQx-.jpg,,,,,,,[],,,,
1384912594574663686,1384906735392022531,2021-04-21 10:51:07 MDT,2021-04-21,10:51:07,-0600,1354879374298918913,timmycoors,tim?,,@fr_brennan Is that a wallpaper for a BIOS menu?,en,[],[],[],0,0,1,[],[],https://twitter.com/timmycoors/status/1384912594574663686,False,,0,,,,,,,,"[{'screen_name': 'fr_brennan', 'name': 'Fredrick Brennan', 'id': '2918089872'}]",,,,
1384721522594521089,1384714133468323841,2021-04-20 22:11:52 MDT,2021-04-20,22:11:52,-0600,1354879374298918913,timmycoors,tim?,,@MannFacts I feel so stupid and uncultured,en,[],[],[],1,0,1,[],[],https://twitter.com/timmycoors/status/1384721522594521089,False,,0,,,,,,,,"[{'screen_name': 'MannFacts', 'name': 'Michael Mann Facts', 'id': '1361423360891224066'}]",,,,
1384717096941068289,1384714133468323841,2021-04-20 21:54:17 MDT,2021-04-20,21:54:17,-0600,1354879374298918913,timmycoors,tim?,,@MannFacts Are those crocs with no holes or socks?,en,[],[],[],1,0,1,[],[],https://twitter.com/timmycoors/status/1384717096941068289,False,,0,,,,,,,,"[{'screen_name': 'MannFacts', 'name': 'Michael Mann Facts', 'id': '1361423360891224066'}]",,,,
1384533023702519808,1384533023702519808,2021-04-20 09:42:50 MDT,2021-04-20,09:42:50,-0600,1354879374298918913,timmycoors,tim?,,Weed should be legal for everyone when they turn 15 and then illegal again when they turn 30.,en,[],[],[],0,0,8,[],[],https://twitter.com/timmycoors/status/1384533023702519808,False,,0,,,,,,,,[],,,,
1384255363030011905,1384244101810311177,2021-04-19 15:19:31 MDT,2021-04-19,15:19:31,-0600,1354879374298918913,timmycoors,tim?,,@TheFilmStage That fit goes so god damn hard,en,[],[],[],0,0,21,[],[],https://twitter.com/timmycoors/status/1384255363030011905,False,,0,,,,,,,,"[{'screen_name': 'TheFilmStage', 'name': 'The Film Stage üìΩ', 'id': '15936527'}]",,,,
1384238656949428224,1384012696408911873,2021-04-19 14:13:08 MDT,2021-04-19,14:13:08,-0600,1354879374298918913,timmycoors,tim?,,@geofflapid @MannFacts,und,[],[],[],0,0,1,[],[],https://twitter.com/timmycoors/status/1384238656949428224,False,,0,,,,,,,,"[{'screen_name': 'geofflapid', 'name': 'Geoffrey', 'id': '7892572'}]",,,,
1384238123358384131,1384012696408911873,2021-04-19 14:11:01 MDT,2021-04-19,14:11:01,-0600,1354879374298918913,timmycoors,tim?,,"@geofflapid Don't know if anybody's done this format before, but I think I just made something good.  https://t.co/0S5D8ACbrc",en,[],[],"['https://pbs.twimg.com/media/EzXMCNYVUAUzF91.jpg', 'https://pbs.twimg.com/media/EzXMC5pUUAQ8kDA.jpg', 'https://pbs.twimg.com/media/EzXMDh2UcAEml4X.jpg']",1,1,21,[],[],https://twitter.com/timmycoors/status/1384238123358384131,False,,1,https://pbs.twimg.com/media/EzXMCNYVUAUzF91.jpg,,,,,,,"[{'screen_name': 'geofflapid', 'name': 'Geoffrey', 'id': '7892572'}]",,,,
1383571795018620932,1383559860508188673,2021-04-17 18:03:16 MDT,2021-04-17,18:03:16,-0600,1354879374298918913,timmycoors,tim?,,"@catholicdad420 @T4RIG Came here to comment just this. Didn‚Äôt have cable, network, or anything until middle school and I still don‚Äôt get certain references lol",en,[],[],[],0,0,0,[],[],https://twitter.com/timmycoors/status/1383571795018620932,False,,0,,,,,,,,"[{'screen_name': 'catholicdad420', 'name': 'rob üá©üá¥', 'id': '1046459282059931650'}, {'screen_name': 'T4RIG', 'name': 'tarig', 'id': '2821134268'}]",,,,
1383130794831466496,1382863368650887174,2021-04-16 12:50:53 MDT,2021-04-16,12:50:53,-0600,1354879374298918913,timmycoors,tim?,,@adprock ‚ÄúSo what do you do?‚Äù I sell photorealistic targets of children to the police force. Paid for this Audi.,en,[],[],[],0,2,58,[],[],https://twitter.com/timmycoors/status/1383130794831466496,False,,0,,,,,,,,"[{'screen_name': 'adprock', 'name': 'anton cheugurh', 'id': '301799554'}]",,,,
1382889269069422592,1382888591962083333,2021-04-15 20:51:09 MDT,2021-04-15,20:51:09,-0600,1354879374298918913,timmycoors,tim?,,"@nickusen I think I‚Äôd enjoy a movie that has Fred Melamed in it, just in general",en,[],[],[],0,0,5,[],[],https://twitter.com/timmycoors/status/1382889269069422592,False,,0,,,,,,,,"[{'screen_name': 'nickusen', 'name': 'nick usen', 'id': '425310228'}]",,,,
1382854495542128641,1377668761847795712,2021-04-15 18:32:58 MDT,2021-04-15,18:32:58,-0600,1354879374298918913,timmycoors,tim?,,@mx_bc_ I went,en,[],[],[],1,0,1,[],[],https://twitter.com/timmycoors/status/1382854495542128641,False,,0,,,,,,,,"[{'screen_name': 'mx_bc_', 'name': '?', 'id': '1576758457'}]",,,,
1382754144998584321,1382673907392598016,2021-04-15 11:54:13 MDT,2021-04-15,11:54:13,-0600,1354879374298918913,timmycoors,tim?,,@257_johny @ToniBased @TheeAlexLawson Missed the boat on what? Is it the currency of the future? Or something you‚Äôre hoping will make you rich overnight? People keep buying it but are too afraid to spend it because it changes value so much. Sounds dumb to me.,en,[],[],[],3,0,0,[],[],https://twitter.com/timmycoors/status/1382754144998584321,False,,0,,,,,,,,"[{'screen_name': '257_johny', 'name': 'StackSats', 'id': '1092676645343891456'}, {'screen_name': 'TheeAlexLawson', 'name': 'Alex Lawson', 'id': '731928797604241408'}]",,,,
1382474293469138944,1382379948103507968,2021-04-14 17:22:11 MDT,2021-04-14,17:22:11,-0600,1354879374298918913,timmycoors,tim?,,"@rkhurley3 @newwayforwrdact @TimJDillon @GovofCO @ComedyWorks The guy seemed super exhausted and sounded like he‚Äôs been on the phone with pissed off people all day. Gotta feel for them, they‚Äôre offering free tickets to a last minute show this weekend and everything. Solid management.",en,[],[],[],0,0,2,[],[],https://twitter.com/timmycoors/status/1382474293469138944,False,,0,,,,,,,,"[{'screen_name': 'newwayforwrdact', 'name': 'New Way Forward Act', 'id': '1225968207141339136'}, {'screen_name': 'TimJDillon', 'name': 'Tim Dillon', 'id': '353422065'}, {'screen_name': 'GovofCO', 'name': 'Governor Jared Polis', 'id': '728344273620344832'}, {'screen_name': 'ComedyWorks', 'name': 'Comedy Works', 'id': '34977875'}]",,,,
1382381308131868676,1382381308131868676,2021-04-14 11:12:41 MDT,2021-04-14,11:12:41,-0600,1354879374298918913,timmycoors,tim?,,Philly appreciation post  https://t.co/Q1tCYhctz7,en,[],[],['https://pbs.twimg.com/media/Ey80diNWYAAoqQy.jpg'],0,0,6,[],[],https://twitter.com/timmycoors/status/1382381308131868676,False,,1,https://pbs.twimg.com/media/Ey80diNWYAAoqQy.jpg,,,,,,,[],,,,
1382361618164617216,1382353181091454976,2021-04-14 09:54:27 MDT,2021-04-14,09:54:27,-0600,1354879374298918913,timmycoors,tim?,,@gun_toucher @realJackEason Michael Mann rocks because his version of Dollarhyde fucks on the first date,en,[],[],[],0,0,3,[],[],https://twitter.com/timmycoors/status/1382361618164617216,False,,0,,,,,,,,"[{'screen_name': 'gun_toucher', 'name': 'Gun Toucher', 'id': '843791198'}, {'screen_name': 'realJackEason', 'name': 'RealJackEason', 'id': '834334682'}]",,,,
1382145080832692225,1382143881265999878,2021-04-13 19:34:00 MDT,2021-04-13,19:34:00,-0600,1354879374298918913,timmycoors,tim?,,"@Forever_Wario Of all the cycled tweets on here, I think I see this one at least once a month and it gets over 100k every time.",en,[],[],[],0,0,1,[],[],https://twitter.com/timmycoors/status/1382145080832692225,False,,0,,,,,,,,"[{'screen_name': 'Forever_Wario', 'name': 'not the emily account', 'id': '922298228'}]",,,,
1382079269073997828,1382074789448220673,2021-04-13 15:12:30 MDT,2021-04-13,15:12:30,-0600,1354879374298918913,timmycoors,tim?,,"@yungtatha @Srirachachau I interpreted that scene as just writing what shitty, reactionary cops would say. The movie didn‚Äôt feel didactic to me and it doesn‚Äôt glorify the main characters.",en,[],[],[],0,0,1,[],[],https://twitter.com/timmycoors/status/1382079269073997828,False,,0,,,,,,,,"[{'screen_name': 'Srirachachau', 'name': 'Mr. Chau', 'id': '21539378'}]",,,,
1381985706860552193,1381655425775452164,2021-04-13 09:00:43 MDT,2021-04-13,09:00:43,-0600,1354879374298918913,timmycoors,tim?,,@american_sicko Learning a lot about philosophy  https://t.co/8xlIUAyZyX,en,[],[],['https://pbs.twimg.com/media/Ey3MrOjWgAUhrZq.jpg'],0,0,6,[],[],https://twitter.com/timmycoors/status/1381985706860552193,False,,1,https://pbs.twimg.com/media/Ey3MrOjWgAUhrZq.jpg,,,,,,,"[{'screen_name': 'american_sicko', 'name': 'natalie üòé', 'id': '1303095089405800448'}]",,,,
1381751051716542467,1381750336696770560,2021-04-12 17:28:17 MDT,2021-04-12,17:28:17,-0600,1354879374298918913,timmycoors,tim?,, https://t.co/HT5UdrqKjl,und,[],[],['https://pbs.twimg.com/media/Eyz3QZrWYAYEUm0.jpg'],0,0,3,[],[],https://twitter.com/timmycoors/status/1381751051716542467,False,,1,https://pbs.twimg.com/media/Eyz3QZrWYAYEUm0.jpg,,,,,,,[],,,,
1381750336696770560,1381750336696770560,2021-04-12 17:25:26 MDT,2021-04-12,17:25:26,-0600,1354879374298918913,timmycoors,tim?,,"Much like how they tase cops during training so they know what it feels like, I think shooting them during training would help curb the amount of excessive force we so often see",en,[],[],[],1,3,11,[],[],https://twitter.com/timmycoors/status/1381750336696770560,False,,0,,,,,,,,[],,,,
1381736321648111622,1381717948373557262,2021-04-12 16:29:45 MDT,2021-04-12,16:29:45,-0600,1354879374298918913,timmycoors,tim?,,@Childsouljaboy  https://t.co/B64akFTWvU,und,[],[],[],0,0,3,[],[],https://twitter.com/timmycoors/status/1381736321648111622,False,,1,https://pbs.twimg.com/ext_tw_video_thumb/1381736286311096321/pu/img/W4O3Lr9JDsq-fWdg.jpg,,,,,,,[],,,,
1380637166674530306,1380581617681436680,2021-04-09 15:42:06 MDT,2021-04-09,15:42:06,-0600,1354879374298918913,timmycoors,tim?,,@KrillTusk Just the average 2021 Lorde fan,en,[],[],[],0,0,1,[],[],https://twitter.com/timmycoors/status/1380637166674530306,False,,0,,,,,,,,"[{'screen_name': 'KrillTusk', 'name': 'Goodreads DM slide', 'id': '2783125839'}]",,,,
1380561824672845827,1380560958242754560,2021-04-09 10:42:43 MDT,2021-04-09,10:42:43,-0600,1354879374298918913,timmycoors,tim?,,@no_goblins  https://t.co/B6UX1ZQTi2,und,[],[],['https://pbs.twimg.com/media/Eyi9qUEXIAAL7jY.jpg'],0,0,1,[],[],https://twitter.com/timmycoors/status/1380561824672845827,False,,1,https://pbs.twimg.com/media/Eyi9qUEXIAAL7jY.jpg,,,,,,,[],,,,
1380218677526736902,1379949368673980416,2021-04-08 11:59:10 MDT,2021-04-08,11:59:10,-0600,1354879374298918913,timmycoors,tim?,,@michaelpence I refuse to be bullied by someone that has a podcast,en,[],[],[],1,0,0,[],[],https://twitter.com/timmycoors/status/1380218677526736902,False,,0,,,,,,,,"[{'screen_name': 'michaelpence', 'name': 'Dr Acula', 'id': '1100654888269230080'}]",,,,
1380001174783471617,1379983712952127488,2021-04-07 21:34:53 MDT,2021-04-07,21:34:53,-0600,1354879374298918913,timmycoors,tim?,,@MannFacts @brofromanother I wish Michael Mann was my dad,en,[],[],[],0,0,2,[],[],https://twitter.com/timmycoors/status/1380001174783471617,False,,0,,,,,,,,"[{'screen_name': 'MannFacts', 'name': 'Michael Mann Facts', 'id': '1361423360891224066'}, {'screen_name': 'brofromanother', 'name': 'Adam Nayman', 'id': '104489372'}]",,,,
1380000430596427777,1379983712952127488,2021-04-07 21:31:56 MDT,2021-04-07,21:31:56,-0600,1354879374298918913,timmycoors,tim?,,"@MannFacts @brofromanother Hey MMF, big fan. Does Michael Mann have any comments about working with Colin Farrell for Miami Vice? I‚Äôve heard Colin doesn‚Äôt even remember filming due to drug abuse.",en,[],[],[],1,0,1,[],[],https://twitter.com/timmycoors/status/1380000430596427777,False,,0,,,,,,,,"[{'screen_name': 'MannFacts', 'name': 'Michael Mann Facts', 'id': '1361423360891224066'}, {'screen_name': 'brofromanother', 'name': 'Adam Nayman', 'id': '104489372'}]",,,,
1379942891179610112,1379942891179610112,2021-04-07 17:43:18 MDT,2021-04-07,17:43:18,-0600,1354879374298918913,timmycoors,tim?,,"‚ÄúOh damn so this means that reality as we know it is being dictated by some otherworldly force we don‚Äôt understand, potentially interdimensional beings or god himself? Wow... Anyway your rent is still due, so if you could get that to me by the end of the day that‚Äôd be great‚Äù",en,[],[],[],0,0,3,[],[],https://twitter.com/timmycoors/status/1379942891179610112,False,https://twitter.com/nytimes/status/1379813228214169602,0,,,,,,,,[],,,,
1379907442721615877,1379898155265757186,2021-04-07 15:22:26 MDT,2021-04-07,15:22:26,-0600,1354879374298918913,timmycoors,tim?,,"@chiweethedog Someone please tell me who this is, it‚Äôs bothered me for like a year",en,[],[],[],6,0,3,[],[],https://twitter.com/timmycoors/status/1379907442721615877,False,,0,,,,,,,,"[{'screen_name': 'chiweethedog', 'name': 'Roy Drones Jr', 'id': '424124066'}]",,,,
1379799864175828996,1379633696853098498,2021-04-07 08:14:57 MDT,2021-04-07,08:14:57,-0600,1354879374298918913,timmycoors,tim?,,@internetkendra  https://t.co/kyWZUPIsf2,und,[],[],['https://pbs.twimg.com/media/EyYIqVxWEAI6Ngw.jpg'],1,0,3,[],[],https://twitter.com/timmycoors/status/1379799864175828996,False,,1,https://pbs.twimg.com/media/EyYIqVxWEAI6Ngw.jpg,,,,,,,[],,,,
1379550792714231818,1379513195459715077,2021-04-06 15:45:14 MDT,2021-04-06,15:45:14,-0600,1354879374298918913,timmycoors,tim?,,@mx_bc_ Thanks Marge,en,[],[],[],0,0,1,[],[],https://twitter.com/timmycoors/status/1379550792714231818,False,,0,,,,,,,,"[{'screen_name': 'mx_bc_', 'name': '?', 'id': '1576758457'}]",,,,
1379517034954903553,1379429873408737280,2021-04-06 13:31:05 MDT,2021-04-06,13:31:05,-0600,1354879374298918913,timmycoors,tim?,,@pisspope This seems like an elaborate scheme to get her address so he can send her some cards,en,[],[],[],0,0,0,[],[],https://twitter.com/timmycoors/status/1379517034954903553,False,,0,,,,,,,,"[{'screen_name': 'pisspope', 'name': 'bill', 'id': '94369786'}]",,,,
1379513195459715077,1379513195459715077,2021-04-06 13:15:50 MDT,2021-04-06,13:15:50,-0600,1354879374298918913,timmycoors,tim?,,Kind of offended by the lack of people wishing me a happy half-birthday...,en,[],[],[],2,0,4,[],[],https://twitter.com/timmycoors/status/1379513195459715077,False,,0,,,,,,,,[],,,,
1379490668322680833,1379472092903604226,2021-04-06 11:46:19 MDT,2021-04-06,11:46:19,-0600,1354879374298918913,timmycoors,tim?,,@exMalwa I know that people call that guy big Dave but I still have absolutely no idea who he is. Why is he everywhere. I need answers please,en,[],[],[],0,0,1,[],[],https://twitter.com/timmycoors/status/1379490668322680833,False,,0,,,,,,,,"[{'screen_name': 'exMalwa', 'name': 'pff pop (dick analytics)', 'id': '1229898691248607234'}]",,,,
1379226396610985992,1379226396610985992,2021-04-05 18:16:12 MDT,2021-04-05,18:16:12,-0600,1354879374298918913,timmycoors,tim?,,Cigarettes during sex,en,[],[],[],0,1,6,[],[],https://twitter.com/timmycoors/status/1379226396610985992,False,,0,,,,,,,,[],,,,
1379184544167956486,1379184544167956486,2021-04-05 15:29:53 MDT,2021-04-05,15:29:53,-0600,1354879374298918913,timmycoors,tim?,,"For some reason I cannot think of these guys having lives of their own. I just imagine them living in the same house, sleeping in the same bed. Spotting each other in their home gym. Matching PJs and shit.",en,[],[],[],0,0,4,[],[],https://twitter.com/timmycoors/status/1379184544167956486,False,https://twitter.com/Forbes/status/1379091831414218755,0,,,,,,,,[],,,,
1378481387737653254,1378404406807396356,2021-04-03 16:55:48 MDT,2021-04-03,16:55:48,-0600,1354879374298918913,timmycoors,tim?,,"@postingwhilegay @VottoPlantEmoji I thought it was weird cause he would like literally every thirst trap from any egirl, but i never thought to say anything - plus I am a humble, small account",en,[],[],[],3,0,49,[],[],https://twitter.com/timmycoors/status/1378481387737653254,False,,0,,,,,,,,"[{'screen_name': 'postingwhilegay', 'name': 'posting blatant lies', 'id': '4794942396'}, {'screen_name': 'VottoPlantEmoji', 'name': 'Votto ü¶ú', 'id': '969309576'}]",,,,
1377784170949189633,1377782419563110412,2021-04-01 18:45:19 MDT,2021-04-01,18:45:19,-0600,1354879374298918913,timmycoors,tim?,,@LeonardRobot Thought it would be reactionary lib hysteria from the Capitol riots but it‚Äôs been pretty solid so far,en,[],[],[],0,0,1,[],[],https://twitter.com/timmycoors/status/1377784170949189633,False,,0,,,,,,,,"[{'screen_name': 'LeonardRobot', 'name': 'Leonard loves a tidy home', 'id': '55343678'}]",,,,
1377769711245615105,1377763421878243329,2021-04-01 17:47:51 MDT,2021-04-01,17:47:51,-0600,1354879374298918913,timmycoors,tim?,,@elifromcollege They call your ticket and then you‚Äôre on a train. Bring a whole-ass person in your bag they won‚Äôt notice lmao,en,[],[],[],1,0,1,[],[],https://twitter.com/timmycoors/status/1377769711245615105,False,,0,,,,,,,,"[{'screen_name': 'elifromcollege', 'name': 'cuuler juuler', 'id': '871211869'}]",,,,
1377735150126067713,1377735150126067713,2021-04-01 15:30:31 MDT,2021-04-01,15:30:31,-0600,1354879374298918913,timmycoors,tim?,,Spotted a dude who rocks  https://t.co/O2XHCXufg7,en,[],[],['https://pbs.twimg.com/media/Ex6yzSoXIAAkUSy.jpg'],0,1,12,[],[],https://twitter.com/timmycoors/status/1377735150126067713,False,,1,https://pbs.twimg.com/media/Ex6yzSoXIAAkUSy.jpg,,,,,,,[],,,,
1377668761847795712,1377668761847795712,2021-04-01 11:06:43 MDT,2021-04-01,11:06:43,-0600,1354879374298918913,timmycoors,tim?,,I met a guy at a party awhile back and he‚Äôs randomly FaceTimed me twice since then. About two months ago saying he thought the mafia was trying to kill him and today asking if I wanted to go to the Rockies opening day. I think he might be my greatest friend.,en,[],[],[],1,0,10,[],[],https://twitter.com/timmycoors/status/1377668761847795712,False,,0,,,,,,,,[],,,,
1377313391065370631,1377313391065370631,2021-03-31 11:34:36 MDT,2021-03-31,11:34:36,-0600,1354879374298918913,timmycoors,tim?,,I think when the pandemic is over I‚Äôm going to go on a year long vacation in Spain paid for by my dad - the inventor of the predator drone - and just ‚ú®vibe‚ú®ü•∞,en,[],[],[],0,0,9,[],[],https://twitter.com/timmycoors/status/1377313391065370631,False,,0,,,,,,,,[],,,,
1376394768490582019,1376363364130058240,2021-03-28 22:44:19 MDT,2021-03-28,22:44:19,-0600,1354879374298918913,timmycoors,tim?,,@RDXsurprise @Whatapityonyou I think people like bringing up that she publicly shit her pants because it‚Äôs very funny and she sucks,en,[],[],[],0,0,6,[],[],https://twitter.com/timmycoors/status/1376394768490582019,False,,0,,,,,,,,"[{'screen_name': 'RDXsurprise', 'name': 'Energetic Material', 'id': '1968759854'}, {'screen_name': 'Whatapityonyou', 'name': 'pokey pup', 'id': '3309013458'}]",,,,
1376000920249585665,1375941155519672321,2021-03-27 20:39:18 MDT,2021-03-27,20:39:18,-0600,1354879374298918913,timmycoors,tim?,,"@nickusen My buddy worked at a sushi place in Santa Barbara a few years back and had a story about him coming in, and he specifically included that he wore a hat in that exact manner",en,[],[],[],0,0,0,[],[],https://twitter.com/timmycoors/status/1376000920249585665,False,,0,,,,,,,,"[{'screen_name': 'nickusen', 'name': 'nick usen', 'id': '425310228'}]",,,,
1375554660560420865,1375501531093598208,2021-03-26 15:06:02 MDT,2021-03-26,15:06:02,-0600,1354879374298918913,timmycoors,tim?,,@elifromcollege All I‚Äôve ever wanted in this life is to post bangers. I‚Äôm sorry.,en,[],[],[],0,0,2,[],[],https://twitter.com/timmycoors/status/1375554660560420865,False,,0,,,,,,,,"[{'screen_name': 'elifromcollege', 'name': 'cuuler juuler', 'id': '871211869'}]",,,,
1375501531093598208,1375501531093598208,2021-03-26 11:34:55 MDT,2021-03-26,11:34:55,-0600,1354879374298918913,timmycoors,tim?,,Cant wait until it‚Äôs nice enough to go to the park with the fellas and toss around an NFL regulation-size ball that‚Äôs way too big for everyone‚Äôs hands and it‚Äôs not fun at all,en,[],[],[],2,3,20,[],[],https://twitter.com/timmycoors/status/1375501531093598208,False,,0,,,,,,,,[],,,,
1375298629150334977,1375150984301842434,2021-03-25 22:08:39 MDT,2021-03-25,22:08:39,-0600,1354879374298918913,timmycoors,tim?,,@jessehawken When Rockwell is yelling at Jewell about how the FBI is laughing at him and he just loses it a screams ‚ÄúI KNOW THAT‚Äù  Destroyed me,en,[],[],[],0,0,1,[],[],https://twitter.com/timmycoors/status/1375298629150334977,False,,0,,,,,,,,"[{'screen_name': 'jessehawken', 'name': 'Jesse Hawken', 'id': '122231268'}]",,,,
1375094446606389248,1374896701249568770,2021-03-25 08:37:18 MDT,2021-03-25,08:37:18,-0600,1354879374298918913,timmycoors,tim?,,@sydneyelainexo  https://t.co/qKVKKFs1TW,und,[],[],['https://pbs.twimg.com/media/ExVRGJyWQAMD6zD.jpg'],0,0,4,[],[],https://twitter.com/timmycoors/status/1375094446606389248,False,,1,https://pbs.twimg.com/media/ExVRGJyWQAMD6zD.jpg,,,,,,,[],,,,
1374939198852055044,1374934723865231363,2021-03-24 22:20:24 MDT,2021-03-24,22:20:24,-0600,1354879374298918913,timmycoors,tim?,,"@CurryDunzo @allahliker Jesus, he wasn‚Äôt kidding lmao  https://t.co/zDn3bAZ56G",en,[],[],['https://pbs.twimg.com/media/ExTD6deXIBwIAev.jpg'],0,0,1,[],[],https://twitter.com/timmycoors/status/1374939198852055044,False,,1,https://pbs.twimg.com/media/ExTD6deXIBwIAev.jpg,,,,,,,"[{'screen_name': 'CurryDunzo', 'name': 'Bernie Sanchez', 'id': '1261858415078281216'}, {'screen_name': 'allahliker', 'name': 'Rich Lather', 'id': '1155167918293995521'}]",,,,
1374937426767011846,1374934723865231363,2021-03-24 22:13:22 MDT,2021-03-24,22:13:22,-0600,1354879374298918913,timmycoors,tim?,,@CurryDunzo @allahliker Funny enough I think The Prestige is average at best.,en,[],[],[],2,0,2,[],[],https://twitter.com/timmycoors/status/1374937426767011846,False,,0,,,,,,,,"[{'screen_name': 'CurryDunzo', 'name': 'Bernie Sanchez', 'id': '1261858415078281216'}, {'screen_name': 'allahliker', 'name': 'Rich Lather', 'id': '1155167918293995521'}]",,,,
1374936704558186496,1374934723865231363,2021-03-24 22:10:30 MDT,2021-03-24,22:10:30,-0600,1354879374298918913,timmycoors,tim?,,"@CurryDunzo @allahliker You just reminded me of the Heat controversy, and now I‚Äôm upset that a guy I‚Äôll never know doesn‚Äôt like the same things I like",en,[],[],[],1,0,3,[],[],https://twitter.com/timmycoors/status/1374936704558186496,False,,0,,,,,,,,"[{'screen_name': 'CurryDunzo', 'name': 'Bernie Sanchez', 'id': '1261858415078281216'}, {'screen_name': 'allahliker', 'name': 'Rich Lather', 'id': '1155167918293995521'}]",,,,
1374936080579985408,1374909506380038145,2021-03-24 22:08:01 MDT,2021-03-24,22:08:01,-0600,1354879374298918913,timmycoors,tim?,,@michaelpence @Kat_Woah_Man Now I feel betrayed. I almost texted you happy birthday. I didn‚Äôt. But you made me think about it for 5 seconds. Fucked up.,en,[],[],[],1,0,0,[],[],https://twitter.com/timmycoors/status/1374936080579985408,False,,0,,,,,,,,"[{'screen_name': 'michaelpence', 'name': 'Dr Acula', 'id': '1100654888269230080'}, {'screen_name': 'Kat_Woah_Man', 'name': 'drake and josh official fan club', 'id': '1388569070'}]",,,,
1374894408638824451,1374894408638824451,2021-03-24 19:22:25 MDT,2021-03-24,19:22:25,-0600,1354879374298918913,timmycoors,tim?,,Jokic looks like two kids wearing a trenchcoat got good enough to compete at the highest level,en,[],[],[],1,1,7,[],[],https://twitter.com/timmycoors/status/1374894408638824451,False,,0,,,,,,,,[],,,,
1374468818873950208,1374466632559382531,2021-03-23 15:11:17 MDT,2021-03-23,15:11:17,-0600,1354879374298918913,timmycoors,tim?,,@TheNico_Briggs Lmao,ht,[],[],[],0,0,0,[],[],https://twitter.com/timmycoors/status/1374468818873950208,False,,0,,,,,,,,"[{'screen_name': 'TheNico_Briggs', 'name': 'Nico Briggs', 'id': '455076377'}]",,,,
1374392964244414464,1374391479485878280,2021-03-23 10:09:52 MDT,2021-03-23,10:09:52,-0600,1354879374298918913,timmycoors,tim?,,@acczibit The cool thing about this one is that CNN and MSNBC can keep showing his photo for their coverage while Fox can just show his name and they all get what they want,en,[],[],[],0,0,6,[],[],https://twitter.com/timmycoors/status/1374392964244414464,False,,0,,,,,,,,"[{'screen_name': 'acczibit', 'name': 'ü•Ç marquis de posade üèñ', 'id': '2794848564'}]",,,,
1374387981008531462,1374316856836820992,2021-03-23 09:50:04 MDT,2021-03-23,09:50:04,-0600,1354879374298918913,timmycoors,tim?,,"@ReifTerrance @getfiscal There was footage of him shirtless with a bloody leg being led out in handcuffs. Name got released this morning and you can find it if you try, people started pulling photos from his Facebook too.",en,[],[],[],0,0,1,[],[],https://twitter.com/timmycoors/status/1374387981008531462,False,,0,,,,,,,,"[{'screen_name': 'ReifTerrance', 'name': 'BTE, ESQ.', 'id': '1362376868633190403'}, {'screen_name': 'getfiscal', 'name': 'Don Hughes ü¶å', 'id': '24254680'}]",,,,
1373839436480348164,1373839436480348164,2021-03-21 21:30:21 MDT,2021-03-21,21:30:21,-0600,1354879374298918913,timmycoors,tim?,,People keep acting shocked that there‚Äôs UFOs and nobody cares but really unless they have job opportunities or a way to end this stupid fucking plague I don‚Äôt give a shit,en,[],[],[],0,1,3,[],[],https://twitter.com/timmycoors/status/1373839436480348164,False,,0,,,,,,,,[],,,,
1373748359253610502,1373748359253610502,2021-03-21 15:28:26 MDT,2021-03-21,15:28:26,-0600,1354879374298918913,timmycoors,tim?,,"[sees awful, stupid, sociopathic take on here] oh god that sucks. I hate it.  [click on it and scroll through the comments] every response is worse than the last. Jesus Christ. It‚Äôs all so bad. I‚Äôm fucking done.  [repeat for a few more hours]",en,[],[],[],0,1,5,[],[],https://twitter.com/timmycoors/status/1373748359253610502,False,,0,,,,,,,,[],,,,
1373660532293693441,1373660532293693441,2021-03-21 09:39:26 MDT,2021-03-21,09:39:26,-0600,1354879374298918913,timmycoors,tim?,,I do not fear controversy  https://t.co/Jty7A6Z7yr,en,[],[],['https://pbs.twimg.com/media/ExA4-PLXIAUZ3GG.jpg'],0,0,14,[],[],https://twitter.com/timmycoors/status/1373660532293693441,False,,1,https://pbs.twimg.com/media/ExA4-PLXIAUZ3GG.jpg,,,,,,,[],,,,
1372987287672348675,1372987287672348675,2021-03-19 13:04:12 MDT,2021-03-19,13:04:12,-0600,1354879374298918913,timmycoors,tim?,,They fired all the Biden staffers for smoking weed because someone maliciously gave him a huge dab and almost killed him,en,[],[],[],0,0,4,[],[],https://twitter.com/timmycoors/status/1372987287672348675,False,,0,,,,,,,,[],,,,
1372230162276843524,1372230162276843524,2021-03-17 10:55:40 MDT,2021-03-17,10:55:40,-0600,1354879374298918913,timmycoors,tim?,,how-to-use-twitter.jpg  https://t.co/JNPtrNSZbQ,en,[],[],['https://pbs.twimg.com/media/EwskDkGWUAE0c7A.jpg'],1,0,5,[],[],https://twitter.com/timmycoors/status/1372230162276843524,False,,1,https://pbs.twimg.com/media/EwskDkGWUAE0c7A.jpg,,,,,,,[],,,,
1371612678960078849,1371612678960078849,2021-03-15 18:02:00 MDT,2021-03-15,18:02:00,-0600,1354879374298918913,timmycoors,tim?,,Living by a coastal city is cool because you can throw your trash into the sea and then a sea turtle just eats it. Natures garbage disposal.,en,[],[],[],2,0,13,[],[],https://twitter.com/timmycoors/status/1371612678960078849,False,,0,,,,,,,,[],,,,
1370877483680108544,1370877483680108544,2021-03-13 16:20:36 MST,2021-03-13,16:20:36,-0600,1354879374298918913,timmycoors,tim?,,Storm in Denver got downgraded/delayed but the power still went out. Not enough snow to sled or build a fort. No power so I can‚Äôt game with the boys. What a bust.,en,[],[],[],0,0,6,[],[],https://twitter.com/timmycoors/status/1370877483680108544,False,,0,,,,,,,,[],,,,
1370861575196774402,1370768297914867712,2021-03-13 15:17:23 MST,2021-03-13,15:17:23,-0600,1354879374298918913,timmycoors,tim?,,@Eleutherae  https://t.co/hcfE6gp7qa,und,[],[],['https://pbs.twimg.com/media/EwZHU90WYBgQi2W.jpg'],0,1,3,[],[],https://twitter.com/timmycoors/status/1370861575196774402,False,,1,https://pbs.twimg.com/media/EwZHU90WYBgQi2W.jpg,,,,,,,[],,,,
1370490534792462337,1370490534792462337,2021-03-12 14:43:00 MST,2021-03-12,14:43:00,-0600,1354879374298918913,timmycoors,tim?,,"The harmonica is a real ‚Äúdamned if you do, damned if you don‚Äôt‚Äù instrument. I will not elaborate on this.",en,[],[],[],0,0,6,[],[],https://twitter.com/timmycoors/status/1370490534792462337,False,,0,,,,,,,,[],,,,
1370052443753566210,1370052443753566210,2021-03-11 09:42:11 MST,2021-03-11,09:42:11,-0600,1354879374298918913,timmycoors,tim?,,Found this deep in my snap memories and haven‚Äôt been able to stop thinking about it since  https://t.co/8fG41sDpea,en,[],[],['https://pbs.twimg.com/media/EwNnbzdXMAExMn2.jpg'],0,0,9,[],[],https://twitter.com/timmycoors/status/1370052443753566210,False,,1,https://pbs.twimg.com/media/EwNnbzdXMAExMn2.jpg,,,,,,,[],,,,
1370035309770051592,1370035309770051592,2021-03-11 08:34:06 MST,2021-03-11,08:34:06,-0600,1354879374298918913,timmycoors,tim?,,"iCarly is trending again because people are regressing and consuming the media they did as a kid, and it takes people back to the only time in their life where they had no responsibility and were actually happy. Not me tho. I‚Äôm just gonna to watch goodfellas for the 34th time.",en,[],[],[],0,0,15,[],[],https://twitter.com/timmycoors/status/1370035309770051592,False,,0,,,,,,,,[],,,,
1369827174325379077,1369774731562475526,2021-03-10 18:47:03 MST,2021-03-10,18:47:03,-0600,1354879374298918913,timmycoors,tim?,,@jakebrodes Love it when the only thing between me and being torn to shreds by a rottweiler is the anemic white woman it‚Äôs chained to,en,[],[],[],0,0,12,[],[],https://twitter.com/timmycoors/status/1369827174325379077,False,,0,,,,,,,,"[{'screen_name': 'jakebrodes', 'name': 'joe joegan', 'id': '363986848'}]",,,,
1368398123719143425,1368398123719143425,2021-03-06 20:08:30 MST,2021-03-06,20:08:30,-0600,1354879374298918913,timmycoors,tim?,,Realizing that when I say I ‚Äúlove camping‚Äù it really means I ‚Äúlove doing mushrooms in the woods‚Äù,en,[],[],[],1,1,9,[],[],https://twitter.com/timmycoors/status/1368398123719143425,False,,0,,,,,,,,[],,,,
1368355091829448705,1368355091829448705,2021-03-06 17:17:31 MST,2021-03-06,17:17:31,-0600,1354879374298918913,timmycoors,tim?,,I think a good summation of my academic performance is I took a film elective in college where my homework was to watch movies and I just watched different movies instead,en,[],[],[],0,0,8,[],[],https://twitter.com/timmycoors/status/1368355091829448705,False,,0,,,,,,,,[],,,,
1368282687241355267,1368282687241355267,2021-03-06 12:29:48 MST,2021-03-06,12:29:48,-0600,1354879374298918913,timmycoors,tim?,,Went to New York to try out those new covid variants  https://t.co/RAXvUs9dak,en,[],[],['https://pbs.twimg.com/media/Ev0d2ExXMAUNIKR.jpg'],0,0,18,[],[],https://twitter.com/timmycoors/status/1368282687241355267,False,,1,https://pbs.twimg.com/media/Ev0d2ExXMAUNIKR.jpg,,,,,,,[],,,,
1367691949197717511,1367558621903478784,2021-03-04 21:22:25 MST,2021-03-04,21:22:25,-0600,1354879374298918913,timmycoors,tim?,,@emily444444444 Found a rare guy,en,[],[],[],0,0,1,[],[],https://twitter.com/timmycoors/status/1367691949197717511,False,,0,,,,,,,,"[{'screen_name': 'emily444444444', 'name': 'üì≤', 'id': '22228827'}]",,,,
1366608602367156224,1366513710446108677,2021-03-01 21:37:35 MST,2021-03-01,21:37:35,-0600,1354879374298918913,timmycoors,tim?,,@madame_ovariess I am forever changed,en,[],[],[],0,0,1,[],[],https://twitter.com/timmycoors/status/1366608602367156224,False,,0,,,,,,,,"[{'screen_name': 'madame_ovariess', 'name': 'j‚óºÔ∏è', 'id': '801275675772645376'}]",,,,
1366513710446108677,1366513710446108677,2021-03-01 15:20:31 MST,2021-03-01,15:20:31,-0600,1354879374298918913,timmycoors,tim?,,Enjoying the east coast  https://t.co/mG3w2ElGyE,en,[],[],"['https://pbs.twimg.com/media/EvbU3IbXUAQkgW8.jpg', 'https://pbs.twimg.com/media/EvbU3IZWgAc5yFi.jpg', 'https://pbs.twimg.com/media/EvbU3IZWgAY8Bj4.jpg']",1,0,10,[],[],https://twitter.com/timmycoors/status/1366513710446108677,False,,1,https://pbs.twimg.com/media/EvbU3IbXUAQkgW8.jpg,,,,,,,[],,,,
1366248288941408257,1366211979757514754,2021-02-28 21:45:50 MST,2021-02-28,21:45:50,-0600,1354879374298918913,timmycoors,tim?,,@therealpetehope Too blonde,en,[],[],[],0,0,1,[],[],https://twitter.com/timmycoors/status/1366248288941408257,False,,0,,,,,,,,"[{'screen_name': 'therealpetehope', 'name': 'Peter Hope', 'id': '3421281292'}]",,,,
1366245850230501376,1366211979757514754,2021-02-28 21:36:08 MST,2021-02-28,21:36:08,-0600,1354879374298918913,timmycoors,tim?,,@therealpetehope But remember all those other movies where he immersed himself into a forgettable character that nobody liked?,en,[],[],[],1,0,2,[],[],https://twitter.com/timmycoors/status/1366245850230501376,False,,0,,,,,,,,"[{'screen_name': 'therealpetehope', 'name': 'Peter Hope', 'id': '3421281292'}]",,,,
1364622332854034438,1364622332854034438,2021-02-24 10:04:52 MST,2021-02-24,10:04:52,-0600,1354879374298918913,timmycoors,tim?,,Prosecutor probably found an envelope on his doorstep with photos of his kids lmao  https://t.co/8lkBEhGyTf,en,[],[],"['https://pbs.twimg.com/media/EvAcx3QVgAMYWeV.jpg', 'https://pbs.twimg.com/media/EvAcx3GUYAQ-3Rl.jpg']",0,0,6,[],[],https://twitter.com/timmycoors/status/1364622332854034438,False,,1,https://pbs.twimg.com/media/EvAcx3QVgAMYWeV.jpg,,,,,,,[],,,,
1364357251100598274,1364231678671998976,2021-02-23 16:31:31 MST,2021-02-23,16:31:31,-0600,1354879374298918913,timmycoors,tim?,,@michaeldfuller  https://t.co/bPjYoZNrAj,und,[],[],['https://pbs.twimg.com/media/Eu8rsDwVcAQ27ms.jpg'],0,0,0,[],[],https://twitter.com/timmycoors/status/1364357251100598274,False,,1,https://pbs.twimg.com/media/Eu8rsDwVcAQ27ms.jpg,,,,,,,[],,,,
1364317179986857984,1364317179986857984,2021-02-23 13:52:18 MST,2021-02-23,13:52:18,-0600,1354879374298918913,timmycoors,tim?,,Back in college they called me the nikola jokiƒá of not getting pussy,en,[],[],[],0,0,5,[],[],https://twitter.com/timmycoors/status/1364317179986857984,False,,0,,,,,,,,[],,,,
1364006192654151684,1363714745564467206,2021-02-22 17:16:32 MST,2021-02-22,17:16:32,-0600,1354879374298918913,timmycoors,tim?,,@greatgabbert @realCruzMachado Come get cold with us,en,[],[],[],1,0,2,[],[],https://twitter.com/timmycoors/status/1364006192654151684,False,,0,,,,,,,,"[{'screen_name': 'greatgabbert', 'name': 'gab', 'id': '1195298450'}, {'screen_name': 'realCruzMachado', 'name': 'Big Booty Cruzy PhD', 'id': '957844864976142336'}]",,,,
1363915049878753284,1363889164274475016,2021-02-22 11:14:22 MST,2021-02-22,11:14:22,-0600,1354879374298918913,timmycoors,tim?,,"@tinafeyspoolboy If anything, they should give the boss more jeep commercials.",en,[],[],[],0,0,1,[],[],https://twitter.com/timmycoors/status/1363915049878753284,False,,0,,,,,,,,"[{'screen_name': 'tinafeyspoolboy', 'name': 'boots', 'id': '437772351'}]",,,,
1363634280388120576,1363634280388120576,2021-02-21 16:38:42 MST,2021-02-21,16:38:42,-0600,1354879374298918913,timmycoors,tim?,, https://t.co/U9g7FjPnTb,und,[],[],"['https://pbs.twimg.com/media/EuyaJokVkAcJWLM.jpg', 'https://pbs.twimg.com/media/EuyaJokVEAUeBpj.jpg']",0,0,4,[],[],https://twitter.com/timmycoors/status/1363634280388120576,False,,1,https://pbs.twimg.com/media/EuyaJokVkAcJWLM.jpg,,,,,,,[],,,,
1362849496636522497,1362772855184883723,2021-02-19 12:40:15 MST,2021-02-19,12:40:15,-0600,1354879374298918913,timmycoors,tim?,,@markmobility Damn the literal human cage she‚Äôs in really makes that guy wearing a mask look like a dumb asshole,en,[],[],[],0,0,0,[],[],https://twitter.com/timmycoors/status/1362849496636522497,False,,0,,,,,,,,"[{'screen_name': 'markmobility', 'name': 'Mark Elliott', 'id': '2832475948'}]",,,,
1362253497161428992,1362227589746741250,2021-02-17 21:11:57 MST,2021-02-17,21:11:57,-0600,1354879374298918913,timmycoors,tim?,,@asvaidya @nickusen I feel like he more focuses on how shitty mobsters and fraudsters are and less on how cool the police are,en,[],[],[],1,0,0,[],[],https://twitter.com/timmycoors/status/1362253497161428992,False,,0,,,,,,,,"[{'screen_name': 'asvaidya', 'name': 'Osawatamie Anuj Vaidya', 'id': '16056643'}, {'screen_name': 'nickusen', 'name': 'nick usen', 'id': '425310228'}]",,,,
1362102014994440192,1362090243218931714,2021-02-17 11:10:01 MST,2021-02-17,11:10:01,-0600,1354879374298918913,timmycoors,tim?,,@BarstoolSyria Have you been waiting for him to die or did you make this today? Respect either way lol,en,[],[],[],1,0,0,[],[],https://twitter.com/timmycoors/status/1362102014994440192,False,,0,,,,,,,,"[{'screen_name': 'BarstoolSyria', 'name': 'Nate', 'id': '2976966837'}]",,,,
1361813880436125697,1361802068193800193,2021-02-16 16:05:05 MST,2021-02-16,16:05:05,-0600,1354879374298918913,timmycoors,tim?,,@Srirachachau I‚Äôm just trying to imagine going up to bat for something created from multiple focus groups and board meetings to argue that it‚Äôs art.,en,[],[],[],1,0,0,[],[],https://twitter.com/timmycoors/status/1361813880436125697,False,,0,,,,,,,,"[{'screen_name': 'Srirachachau', 'name': 'Mr. Chau', 'id': '21539378'}]",,,,
1361765758536048641,1361759469508648967,2021-02-16 12:53:51 MST,2021-02-16,12:53:51,-0600,1354879374298918913,timmycoors,tim?,,@Junabee710 @DiscussingFilm Shark tale still has more artistic merit than any avengers movie lol,en,[],[],[],2,1,53,[],[],https://twitter.com/timmycoors/status/1361765758536048641,False,,0,,,,,,,,"[{'screen_name': 'Junabee710', 'name': 'Junabeeüêù', 'id': '1213275410521153536'}, {'screen_name': 'DiscussingFilm', 'name': 'DiscussingFilm', 'id': '780460754910732288'}]",,,,
1361731331047051266,1361731331047051266,2021-02-16 10:37:03 MST,2021-02-16,10:37:03,-0600,1354879374298918913,timmycoors,tim?,,The only reason I have a girlfriend is so I can condescendingly explain the plot of the Big Lebowski to her even though I don‚Äôt really understand what the fuck happened either,en,[],[],[],0,0,11,[],[],https://twitter.com/timmycoors/status/1361731331047051266,False,,0,,,,,,,,[],,,,
1361054432046235649,1361031009731543048,2021-02-14 13:47:18 MST,2021-02-14,13:47:18,-0600,1354879374298918913,timmycoors,tim?,,@Kat_Woah_Man No what‚Äôs that,en,[],[],[],1,0,0,[],[],https://twitter.com/timmycoors/status/1361054432046235649,False,,0,,,,,,,,"[{'screen_name': 'Kat_Woah_Man', 'name': 'drake and josh official fan club', 'id': '1388569070'}]",,,,
1361053399081512965,1361031009731543048,2021-02-14 13:43:12 MST,2021-02-14,13:43:12,-0600,1354879374298918913,timmycoors,tim?,,@Kat_Woah_Man I‚Äôll say it - Plato is also a hack. Spent too much time thinking about the Allegory of the Cave and not enough time thinking about Allegory of the Babe.,en,[],[],[],1,0,0,[],[],https://twitter.com/timmycoors/status/1361053399081512965,False,,0,,,,,,,,"[{'screen_name': 'Kat_Woah_Man', 'name': 'drake and josh official fan club', 'id': '1388569070'}]",,,,
1361032451955564544,1361030894035828736,2021-02-14 12:19:57 MST,2021-02-14,12:19:57,-0600,1354879374298918913,timmycoors,tim?,,@jakebrodes The entire series could‚Äôve been an hour and a half movie but instead they burn like 2 hours interviewing people who‚Äôve ruined their brain with the internet and don‚Äôt actually know anything,en,[],[],[],0,0,4,[],[],https://twitter.com/timmycoors/status/1361032451955564544,False,,0,,,,,,,,"[{'screen_name': 'jakebrodes', 'name': 'joe joegan', 'id': '363986848'}]",,,,
1361031009731543048,1361031009731543048,2021-02-14 12:14:14 MST,2021-02-14,12:14:14,-0600,1354879374298918913,timmycoors,tim?,,It still blows my mind that Elon Musk just said he thinks the plot of the matrix is real and everyone heard that and thought ‚Äúthis is the smartest man alive‚Äù,en,[],[],[],2,0,11,[],[],https://twitter.com/timmycoors/status/1361031009731543048,False,,0,,,,,,,,[],,,,
1360847137299329029,1360780283386097675,2021-02-14 00:03:35 MST,2021-02-14,00:03:35,-0600,1354879374298918913,timmycoors,tim?,,"@GoonerBurns @Srirachachau Considering this was their last hurrah together, I wouldn‚Äôt want someone else eating into any of their screentime",en,[],[],[],1,0,1,[],[],https://twitter.com/timmycoors/status/1360847137299329029,False,,0,,,,,,,,"[{'screen_name': 'GoonerBurns', 'name': 'furniture hunter gathererü™ë‚ú®', 'id': '872202294'}, {'screen_name': 'Srirachachau', 'name': 'Mr. Chau', 'id': '21539378'}]",,,,
1360455115505717249,1360326535392202754,2021-02-12 22:05:50 MST,2021-02-12,22:05:50,-0600,1354879374298918913,timmycoors,tim?,,@BarstoolSyria Where would you place mathematics,en,[],[],[],1,0,0,[],[],https://twitter.com/timmycoors/status/1360455115505717249,False,,0,,,,,,,,"[{'screen_name': 'BarstoolSyria', 'name': 'Nate', 'id': '2976966837'}]",,,,
1360384259639242752,1360384259639242752,2021-02-12 17:24:16 MST,2021-02-12,17:24:16,-0600,1354879374298918913,timmycoors,tim?,,"Have decided to stop caring about politics entirely and just become a barstool guy. Kids in cages, police state, universal healthcare - forget it. I‚Äôm looking forward to the next smoke show of the week. I hope it‚Äôs another hot girl.",en,[],[],[],0,0,9,[],[],https://twitter.com/timmycoors/status/1360384259639242752,False,,0,,,,,,,,[],,,,
1360271204242886661,1360271204242886661,2021-02-12 09:55:02 MST,2021-02-12,09:55:02,-0600,1354879374298918913,timmycoors,tim?,,[getting the everloving shit beat out of me] haha woah guys. looks like we got ourselves a lunk alert lol,en,[],[],[],0,0,4,[],[],https://twitter.com/timmycoors/status/1360271204242886661,False,,0,,,,,,,,[],,,,
1359903732775874560,1359892310008422400,2021-02-11 09:34:50 MST,2021-02-11,09:34:50,-0600,1354879374298918913,timmycoors,tim?,,"@EliasBlitzKotz @BarstoolSyria Buddy of mine moved to Bend after high school and came back with a pill problem, but the answer is still Medford",en,[],[],[],1,0,1,[],[],https://twitter.com/timmycoors/status/1359903732775874560,False,,0,,,,,,,,"[{'screen_name': 'BarstoolSyria', 'name': 'Nate', 'id': '2976966837'}]",,,,
1359900077146312710,1359900077146312710,2021-02-11 09:20:18 MST,2021-02-11,09:20:18,-0600,1354879374298918913,timmycoors,tim?,,One thing I‚Äôve really enjoyed about lockdown is the complete removal of any social setting where I am expected to dance,en,[],[],[],0,1,6,[],[],https://twitter.com/timmycoors/status/1359900077146312710,False,,0,,,,,,,,[],,,,
1359613741885583363,1359305811311271936,2021-02-10 14:22:31 MST,2021-02-10,14:22:31,-0600,1354879374298918913,timmycoors,tim?,,@WideBlackEyes I feel like this is just a cope for having an old/shitty car,en,[],[],[],0,0,0,[],[],https://twitter.com/timmycoors/status/1359613741885583363,False,,0,,,,,,,,"[{'screen_name': 'WideBlackEyes', 'name': 'The boy with the t.A.T.u. tattoo', 'id': '286369165'}]",,,,
1359607128877658112,1359600218304512001,2021-02-10 13:56:14 MST,2021-02-10,13:56:14,-0600,1354879374298918913,timmycoors,tim?,,@fuccccccccccc There are more reasons to go to Ohio than there are reasons to go to space,en,[],[],[],1,0,1,[],[],https://twitter.com/timmycoors/status/1359607128877658112,False,,0,,,,,,,,"[{'screen_name': 'fuccccccccccc', 'name': 'Ric üè≥Ô∏è\u200düåà', 'id': '1060665867258589185'}]",,,,
1359600218304512001,1359600218304512001,2021-02-10 13:28:46 MST,2021-02-10,13:28:46,-0600,1354879374298918913,timmycoors,tim?,,Still thinking about that space tourism commercial they played during the super bowl. I haven‚Äôt even been to Ohio.,en,[],[],[],1,1,2,[],[],https://twitter.com/timmycoors/status/1359600218304512001,False,,0,,,,,,,,[],,,,
1359590124363816960,1359582874052091905,2021-02-10 12:48:40 MST,2021-02-10,12:48:40,-0600,1354879374298918913,timmycoors,tim?,,"[pastel colors, sans serif font] ‚ÄúLet‚Äôs talk about my whore of an ex-wife‚Äù",en,[],[],[],0,0,7,[],[],https://twitter.com/timmycoors/status/1359590124363816960,False,,0,,,,,,,,[],,,,
1359582874052091905,1359582874052091905,2021-02-10 12:19:51 MST,2021-02-10,12:19:51,-0600,1354879374298918913,timmycoors,tim?,,Guy posting Instagram infographics but instead of being about racism it‚Äôs about unfair divorce settlements and the unconstitutional DUI checkpoint,en,[],[],[],1,0,11,[],[],https://twitter.com/timmycoors/status/1359582874052091905,False,,0,,,,,,,,[],,,,
1359554054880333827,1359548283023073282,2021-02-10 10:25:20 MST,2021-02-10,10:25:20,-0600,1354879374298918913,timmycoors,tim?,,@TallgirlBigcity @TheEpicDept  https://t.co/FSDocxaC6X,und,[],['https://youtu.be/c91XUyg9iWM'],[],1,0,1,[],[],https://twitter.com/timmycoors/status/1359554054880333827,False,,0,,,,,,,,"[{'screen_name': 'TallgirlBigcity', 'name': 'born-again forest witch', 'id': '2898695005'}, {'screen_name': 'TheEpicDept', 'name': 'Mecca Allahzilla', 'id': '1261714013240668160'}]",,,,
1358598170964541441,1358528399459893248,2021-02-07 19:07:00 MST,2021-02-07,19:07:00,-0600,1354879374298918913,timmycoors,tim?,,@vildhjardon  https://t.co/Vq7ok2gXy1,und,[],['https://twitter.com/timmycoors/status/1358530315988344832'],[],0,0,4,[],[],https://twitter.com/timmycoors/status/1358598170964541441,False,https://twitter.com/timmycoors/status/1358530315988344832,0,,,,,,,,[],,,,
1358584340444282880,1358530315988344832,2021-02-07 18:12:02 MST,2021-02-07,18:12:02,-0600,1354879374298918913,timmycoors,tim?,,@Kat_Woah_Man The kinda guy that says sports are dumb but cried during an avengers movie,en,[],[],[],0,0,2,[],[],https://twitter.com/timmycoors/status/1358584340444282880,False,,0,,,,,,,,"[{'screen_name': 'Kat_Woah_Man', 'name': 'drake and josh official fan club', 'id': '1388569070'}]",,,,
1358569817297592325,1358459768613052419,2021-02-07 17:14:20 MST,2021-02-07,17:14:20,-0600,1354879374298918913,timmycoors,tim?,,"@cinepocalypse The first time I took acid I was in a former MLB players house and I slowly realized that multiple rooms were just shrines to himself. Honestly though, respect lmao",en,[],[],[],0,0,1,[],[],https://twitter.com/timmycoors/status/1358569817297592325,False,,0,,,,,,,,"[{'screen_name': 'cinepocalypse', 'name': 'Josh Goldbloom', 'id': '726814547152101376'}]",,,,
1358530315988344832,1358530315988344832,2021-02-07 14:37:22 MST,2021-02-07,14:37:22,-0600,1354879374298918913,timmycoors,tim?,,I make memes now  https://t.co/bR16usOBNp,en,[],[],['https://pbs.twimg.com/media/Etp4HqIVIAAL9rY.jpg'],1,2,19,[],[],https://twitter.com/timmycoors/status/1358530315988344832,False,,1,https://pbs.twimg.com/media/Etp4HqIVIAAL9rY.jpg,,,,,,,[],,,,
1357849252278460418,1357849252278460418,2021-02-05 17:31:04 MST,2021-02-05,17:31:04,-0600,1354879374298918913,timmycoors,tim?,,Honestly it‚Äôs alpha as fuck how Tom Brady just smooches whoever‚Äôs around him when he‚Äôs stoked,en,[],[],[],0,0,7,[],[],https://twitter.com/timmycoors/status/1357849252278460418,False,,0,,,,,,,,[],,,,
1357824722768195595,1357822710970212358,2021-02-05 15:53:35 MST,2021-02-05,15:53:35,-0600,1354879374298918913,timmycoors,tim?,,@EthnicSteve @ben_awareness They‚Äôre ornate and much nicer than a cheap room. That video made me feel like shit but I kinda get the reasoning.,en,[],[],[],0,0,1,[],[],https://twitter.com/timmycoors/status/1357824722768195595,False,,0,,,,,,,,"[{'screen_name': 'EthnicSteve', 'name': 'ethnic steve', 'id': '1194981438363521025'}, {'screen_name': 'ben_awareness', 'name': 'ben', 'id': '1041750879135707137'}]",,,,
1357740596698439680,1357740596698439680,2021-02-05 10:19:18 MST,2021-02-05,10:19:18,-0600,1354879374298918913,timmycoors,tim?,,Ben Shapiro‚Äôs squeaky voice and cadence make it sound like every sound bite is being played at 1.5x,en,[],[],[],0,0,5,[],[],https://twitter.com/timmycoors/status/1357740596698439680,False,,0,,,,,,,,[],,,,
1357735254790922245,1357734370845466627,2021-02-05 09:58:04 MST,2021-02-05,09:58:04,-0600,1354879374298918913,timmycoors,tim?,,@Srirachachau Unoriginal take but Tom Cruise should play villains more often. His latent rage really shines in that role.,en,[],[],[],0,0,10,[],[],https://twitter.com/timmycoors/status/1357735254790922245,False,,0,,,,,,,,"[{'screen_name': 'Srirachachau', 'name': 'Mr. Chau', 'id': '21539378'}]",,,,
1357382438494814209,1357381128630460416,2021-02-04 10:36:06 MST,2021-02-04,10:36:06,-0600,1354879374298918913,timmycoors,tim?,,@jessehawken Love that Pacino is featured twice in this,en,[],[],[],0,0,1,[],[],https://twitter.com/timmycoors/status/1357382438494814209,False,,0,,,,,,,,"[{'screen_name': 'jessehawken', 'name': 'Jesse Hawken', 'id': '122231268'}]",,,,
1357130834193637376,1357113521759133700,2021-02-03 17:56:19 MST,2021-02-03,17:56:19,-0600,1354879374298918913,timmycoors,tim?,,@Ermundoonline @liz_franczak Didn‚Äôt even get in on the GameStop thing but if they hurt this gem I will lose all the faith I already don‚Äôt have in the system,en,[],[],[],0,0,1,[],[],https://twitter.com/timmycoors/status/1357130834193637376,False,,0,,,,,,,,"[{'screen_name': 'liz_franczak', 'name': 'Liz Franczak', 'id': '21926927'}]",,,,
1355680002629656576,1355680002629656576,2021-01-30 17:51:14 MST,2021-01-30,17:51:14,-0600,1354879374298918913,timmycoors,tim?,,Seeing people donate to children‚Äôs hospitals is heartwarming until you think about why children‚Äôs hospitals need donations,en,[],[],[],0,0,6,[],[],https://twitter.com/timmycoors/status/1355680002629656576,False,,0,,,,,,,,[],,,,
1355622062300139520,1355352651643441154,2021-01-30 14:01:00 MST,2021-01-30,14:01:00,-0600,1354879374298918913,timmycoors,tim?,,@TimmyyDaTurtle_ This is literally the procedure for cleaning a flat top at any restaurant,en,[],[],[],0,0,1,[],[],https://twitter.com/timmycoors/status/1355622062300139520,False,,0,,,,,,,,"[{'screen_name': 'TimmyyDaTurtle_', 'name': 'T.', 'id': '1022240381721890826'}]",,,,
1355193097966202883,1355193097966202883,2021-01-29 09:36:27 MST,2021-01-29,09:36:27,-0600,1354879374298918913,timmycoors,tim?,,3-in-1 soap should stop fucking around and throw toothpaste in there also.,en,[],[],[],0,0,4,[],[],https://twitter.com/timmycoors/status/1355193097966202883,False,,0,,,,,,,,[],,,,
1355182219048988672,1355182219048988672,2021-01-29 08:53:13 MST,2021-01-29,08:53:13,-0600,1354879374298918913,timmycoors,tim?,,Turns out you aren‚Äôt allowed to tell people to kill themselves on here,en,[],[],[],0,0,11,[],[],https://twitter.com/timmycoors/status/1355182219048988672,False,,0,,,,,,,,[],,,,
